{"avg_matching_neg_0":0.047272250056266785,"accuracy_human_test_top_2":[0.6866666666666669,0.11469767022723502],"eval_across_batch_avg_matching_neg_0":0.06959914457466868,"_wandb":{"runtime":161546},"accuracy_scanscribe_test_top_2":[0.7900000000000001,0.14224392195567914],"avg_cos_sim_neg_0":0.9687184691429138,"accuracy_human_test_top_1":[0.47333333333333344,0.1806162291219209],"_runtime":161545.874044293,"accuracy_scanscribe_top_2_fold_0":[0.831111111111111,0.05958705634574189],"accuracy_scanscribe_test_top_3":[0.9,0.11832159566199232],"loss_0":108.55535125732422,"loss1_0":214.51416015625,"avg_matching_pos_0":0.9847074151039124,"accuracy_scanscribe_test_top_1":[0.6133333333333334,0.11175369742826806],"eval_across_batch_loss3_0":3.1282359759012857,"_timestamp":1.7464929617821724e+09,"accuracy_human_test_top_3":[0.7966666666666667,0.12512216252748976],"eval_across_batch_loss1_0":214.88280063205295,"avg_cos_sim_pos_0":0.5107115507125854,"_step":9407,"accuracy_scanscribe_test_top_5":[0.9666666666666667,0.05962847939999437],"accuracy_scanscribe_top_5_fold_0":[0.9288888888888887,0.05072316538005924],"eval_across_batch_avg_cos_sim_neg_0":0.9390310247739156,"accuracy_scanscribe_top_1_fold_0":[0.6466666666666666,0.08886110676947648],"eval_across_batch_avg_cos_sim_pos_0":0.7345135807991028,"eval_across_batch_loss_0":109.0055177476671,"accuracy_scanscribe_top_3_fold_0":[0.8833333333333332,0.06309898162000303],"accuracy_human_test_top_5":[0.8699999999999999,0.1004987562112089],"eval_across_batch_avg_matching_pos_0":0.4518771204683516,"loss3_0":2.5965352058410645}