{"avg_matching_pos_0":0.4918956458568573,"avg_cos_sim_pos_0":0.33386656641960144,"loss_0":214.26451110839844,"accuracy_scanscribe_top_3_fold_0":[0.8477777777777776,0.05556666555577771],"accuracy_human_test_top_5":[0.6900000000000001,0.11647603473104101],"accuracy_scanscribe_top_5_fold_0":[0.922222222222222,0.04661372658534006],"accuracy_scanscribe_test_top_2":[0.7266666666666666,0.17499206331208916],"eval_across_batch_loss3_0":3.4657130771213107,"loss3_0":3.465691566467285,"accuracy_human_test_top_2":[0.43000000000000005,0.15088627063675034],"_timestamp":1.745537867167872e+09,"accuracy_scanscribe_top_2_fold_0":[0.7688888888888888,0.06320650068145733],"eval_across_batch_avg_cos_sim_pos_0":0.7936928139792548,"_runtime":123668.945672105,"accuracy_scanscribe_test_top_5":[0.9133333333333334,0.08844332774281065],"avg_matching_neg_0":0.49184921383857727,"avg_cos_sim_neg_0":0.9864161014556885,"accuracy_scanscribe_top_1_fold_0":[0.5811111111111111,0.0768275285025001],"_wandb":{"runtime":123669},"eval_across_batch_loss1_0":214.8835211859809,"accuracy_scanscribe_test_top_3":[0.8166666666666667,0.13186693629901658],"loss1_0":214.26451110839844,"accuracy_human_test_top_3":[0.55,0.12315302134607443],"eval_across_batch_loss_0":214.8835211859809,"accuracy_scanscribe_test_top_1":[0.5233333333333333,0.1856220772310114],"eval_across_batch_avg_matching_pos_0":0.4921506411499447,"eval_across_batch_avg_cos_sim_neg_0":0.9512915147675408,"_step":9407,"eval_across_batch_avg_matching_neg_0":0.4921268754535251,"accuracy_human_test_top_1":[0.26000000000000006,0.14047538337136983]}