{"_step":33,"avg_matching_pos_0":0.5093462467193604,"loss3_0":2.773176908493042,"_wandb":{"runtime":319},"_timestamp":1.74471904749146e+09,"avg_cos_sim_neg_0":0.6148532032966614,"_runtime":308.396431447,"avg_matching_neg_0":0.5099655389785767,"avg_cos_sim_pos_0":0.6163087487220764,"loss1_0":83.18437957763672,"loss_0":83.18437957763672}