{"accuracy_scanscribe_top_5_fold_0":[0.9255555555555552,0.04609437447264786],"avg_matching_neg_0":0.5200067162513733,"accuracy_scanscribe_top_2_fold_0":[0.6488888888888891,0.10210137784586795],"eval_across_batch_loss3_0":3.4655937088860407,"avg_matching_pos_0":0.5193287134170532,"eval_across_batch_loss_0":214.86170620388455,"loss3_0":3.4664063453674316,"loss1_0":214.81381225585938,"_step":236,"eval_across_batch_avg_matching_neg_0":0.5198487573199801,"loss_0":214.81381225585938,"avg_cos_sim_neg_0":0.6645886301994324,"eval_across_batch_avg_matching_pos_0":0.5200124846564399,"eval_across_batch_avg_cos_sim_pos_0":0.6040617360009087,"avg_cos_sim_pos_0":0.5821582674980164,"_runtime":9678.826782979,"eval_across_batch_avg_cos_sim_neg_0":0.6587039960755242,"accuracy_scanscribe_top_1_fold_0":[0.4111111111111112,0.10657403385139376],"_timestamp":1.7447289577070363e+09,"accuracy_scanscribe_top_3_fold_0":[0.7833333333333333,0.08333333333333336],"_wandb":{"runtime":9699},"eval_across_batch_loss1_0":214.86170620388455}